customer_id,acquisition_month,plan,channel
1000,2022-01,pro,paid_search
1001,2022-01,starter,organic
1002,2022-01,pro,paid_search
1003,2022-01,starter,organic
1004,2022-01,starter,referral
1005,2022-01,enterprise,organic
1006,2022-01,enterprise,content
1007,2022-01,pro,referral
1008,2022-01,starter,organic
1009,2022-01,starter,organic
1010,2022-01,pro,referral
1011,2022-01,starter,referral
1012,2022-01,starter,referral
1013,2022-01,starter,referral
1014,2022-01,starter,organic
1015,2022-01,enterprise,paid_search
1016,2022-01,starter,organic
1017,2022-01,pro,content
1018,2022-01,starter,paid_search
1019,2022-01,starter,organic
1020,2022-01,starter,organic
1021,2022-01,starter,organic
1022,2022-01,enterprise,organic
1023,2022-01,pro,referral
1024,2022-01,enterprise,paid_search
1025,2022-01,pro,content
1026,2022-01,pro,paid_search
1027,2022-01,enterprise,organic
1028,2022-01,starter,referral
1029,2022-01,starter,referral
1030,2022-01,starter,paid_search
1031,2022-01,starter,referral
1032,2022-01,starter,paid_search
1033,2022-01,starter,paid_search
1034,2022-01,pro,paid_search
1035,2022-02,starter,organic
1036,2022-02,starter,organic
1037,2022-02,starter,content
1038,2022-02,pro,organic
1039,2022-02,starter,paid_search
1040,2022-02,starter,referral
1041,2022-02,enterprise,paid_search
1042,2022-02,starter,content
1043,2022-02,starter,content
1044,2022-02,pro,organic
1045,2022-02,starter,paid_search
1046,2022-02,starter,organic
1047,2022-02,starter,organic
1048,2022-02,starter,organic
1049,2022-02,enterprise,paid_search
1050,2022-02,pro,paid_search
1051,2022-02,pro,organic
1052,2022-02,pro,organic
1053,2022-02,pro,content
1054,2022-02,starter,organic
1055,2022-02,pro,organic
1056,2022-02,starter,paid_search
1057,2022-02,pro,content
1058,2022-02,pro,organic
1059,2022-02,starter,referral
1060,2022-02,starter,referral
1061,2022-02,starter,organic
1062,2022-02,starter,referral
1063,2022-02,pro,paid_search
1064,2022-02,pro,paid_search
1065,2022-02,starter,paid_search
1066,2022-02,starter,paid_search
1067,2022-02,starter,organic
1068,2022-02,starter,referral
1069,2022-03,starter,referral
1070,2022-03,starter,referral
1071,2022-03,starter,organic
1072,2022-03,pro,referral
1073,2022-03,pro,organic
1074,2022-03,starter,organic
1075,2022-03,starter,referral
1076,2022-03,starter,paid_search
1077,2022-03,pro,referral
1078,2022-03,starter,referral
1079,2022-03,pro,paid_search
1080,2022-03,starter,organic
1081,2022-03,enterprise,paid_search
1082,2022-03,starter,organic
1083,2022-03,starter,organic
1084,2022-03,starter,content
1085,2022-03,enterprise,paid_search
1086,2022-03,pro,content
1087,2022-03,starter,paid_search
1088,2022-03,pro,referral
1089,2022-03,pro,paid_search
1090,2022-03,starter,paid_search
1091,2022-03,starter,paid_search
1092,2022-03,starter,organic
1093,2022-03,starter,referral
1094,2022-03,pro,organic
1095,2022-03,enterprise,organic
1096,2022-03,pro,paid_search
1097,2022-03,starter,organic
1098,2022-03,starter,content
1099,2022-03,pro,content
1100,2022-03,pro,content
1101,2022-03,pro,paid_search
1102,2022-03,pro,organic
1103,2022-03,pro,content
1104,2022-03,starter,paid_search
1105,2022-03,starter,content
1106,2022-03,pro,content
1107,2022-03,pro,content
1108,2022-03,starter,organic
1109,2022-03,starter,paid_search
1110,2022-03,pro,content
1111,2022-03,starter,organic
1112,2022-03,starter,organic
1113,2022-03,starter,paid_search
1114,2022-04,enterprise,content
1115,2022-04,pro,paid_search
1116,2022-04,starter,organic
1117,2022-04,starter,referral
1118,2022-04,pro,organic
1119,2022-04,enterprise,paid_search
1120,2022-04,starter,organic
1121,2022-04,starter,organic
1122,2022-04,pro,content
1123,2022-04,pro,referral
1124,2022-04,pro,referral
1125,2022-04,pro,paid_search
1126,2022-04,starter,organic
1127,2022-04,starter,organic
1128,2022-04,pro,organic
1129,2022-04,pro,paid_search
1130,2022-04,pro,referral
1131,2022-04,enterprise,referral
1132,2022-04,starter,organic
1133,2022-04,starter,content
1134,2022-04,pro,referral
1135,2022-04,pro,paid_search
1136,2022-04,pro,paid_search
1137,2022-04,pro,paid_search
1138,2022-04,pro,organic
1139,2022-04,starter,paid_search
1140,2022-04,starter,referral
1141,2022-04,starter,organic
1142,2022-04,starter,organic
1143,2022-04,starter,organic
1144,2022-04,starter,organic
1145,2022-04,starter,content
1146,2022-04,starter,referral
1147,2022-04,pro,paid_search
1148,2022-04,starter,organic
1149,2022-04,starter,paid_search
1150,2022-04,pro,paid_search
1151,2022-04,starter,organic
1152,2022-04,starter,paid_search
1153,2022-04,starter,paid_search
1154,2022-04,pro,paid_search
1155,2022-04,starter,paid_search
1156,2022-04,pro,organic
1157,2022-04,starter,paid_search
1158,2022-04,starter,paid_search
1159,2022-04,starter,paid_search
1160,2022-04,starter,content
1161,2022-04,pro,referral
1162,2022-04,pro,organic
1163,2022-05,starter,organic
1164,2022-05,pro,content
1165,2022-05,starter,paid_search
1166,2022-05,pro,referral
1167,2022-05,enterprise,organic
1168,2022-05,starter,content
1169,2022-05,starter,paid_search
1170,2022-05,pro,organic
1171,2022-05,starter,content
1172,2022-05,starter,organic
1173,2022-05,enterprise,organic
1174,2022-05,starter,content
1175,2022-05,enterprise,content
1176,2022-05,enterprise,paid_search
1177,2022-05,starter,paid_search
1178,2022-05,starter,paid_search
1179,2022-05,starter,organic
1180,2022-05,starter,organic
1181,2022-05,starter,referral
1182,2022-05,pro,referral
1183,2022-05,starter,referral
1184,2022-05,starter,referral
1185,2022-05,pro,organic
1186,2022-05,starter,paid_search
1187,2022-05,pro,organic
1188,2022-05,starter,paid_search
1189,2022-05,starter,paid_search
1190,2022-05,pro,content
1191,2022-05,pro,paid_search
1192,2022-05,pro,organic
1193,2022-05,pro,organic
1194,2022-05,pro,referral
1195,2022-05,starter,paid_search
1196,2022-05,starter,organic
1197,2022-05,pro,organic
1198,2022-05,pro,referral
1199,2022-05,enterprise,organic
1200,2022-05,starter,referral
1201,2022-05,starter,referral
1202,2022-05,pro,organic
1203,2022-05,starter,organic
1204,2022-05,enterprise,content
1205,2022-05,pro,paid_search
1206,2022-05,starter,paid_search
1207,2022-05,pro,referral
1208,2022-05,pro,content
1209,2022-06,enterprise,organic
1210,2022-06,pro,paid_search
1211,2022-06,starter,paid_search
1212,2022-06,starter,paid_search
1213,2022-06,pro,organic
1214,2022-06,starter,content
1215,2022-06,starter,content
1216,2022-06,enterprise,referral
1217,2022-06,starter,paid_search
1218,2022-06,starter,organic
1219,2022-06,starter,referral
1220,2022-06,starter,referral
1221,2022-06,starter,organic
1222,2022-06,starter,content
1223,2022-06,starter,referral
1224,2022-06,pro,content
1225,2022-06,pro,referral
1226,2022-06,pro,paid_search
1227,2022-06,enterprise,paid_search
1228,2022-06,starter,content
1229,2022-06,starter,content
1230,2022-06,pro,organic
1231,2022-06,starter,organic
1232,2022-06,enterprise,paid_search
1233,2022-06,starter,referral
1234,2022-06,enterprise,content
1235,2022-06,starter,organic
1236,2022-06,pro,paid_search
1237,2022-06,starter,paid_search
1238,2022-06,enterprise,content
1239,2022-06,starter,referral
1240,2022-06,starter,referral
1241,2022-06,enterprise,paid_search
1242,2022-06,starter,paid_search
1243,2022-06,pro,organic
1244,2022-06,pro,organic
1245,2022-06,starter,content
1246,2022-06,pro,referral
1247,2022-06,pro,content
1248,2022-06,enterprise,content
1249,2022-06,starter,paid_search
1250,2022-06,starter,referral
1251,2022-06,enterprise,content
1252,2022-06,pro,referral
1253,2022-06,starter,organic
1254,2022-06,pro,paid_search
1255,2022-06,starter,organic
1256,2022-07,enterprise,paid_search
1257,2022-07,pro,referral
1258,2022-07,starter,organic
1259,2022-07,pro,organic
1260,2022-07,pro,organic
1261,2022-07,starter,organic
1262,2022-07,starter,organic
1263,2022-07,pro,organic
1264,2022-07,starter,organic
1265,2022-07,pro,organic
1266,2022-07,starter,paid_search
1267,2022-07,pro,organic
1268,2022-07,starter,paid_search
1269,2022-07,starter,paid_search
1270,2022-07,pro,referral
1271,2022-07,starter,organic
1272,2022-07,starter,referral
1273,2022-07,starter,paid_search
1274,2022-07,pro,organic
1275,2022-07,pro,content
1276,2022-07,pro,content
1277,2022-07,starter,organic
1278,2022-07,starter,organic
1279,2022-07,starter,referral
1280,2022-07,starter,referral
1281,2022-07,pro,organic
1282,2022-07,starter,organic
1283,2022-07,starter,paid_search
1284,2022-07,enterprise,paid_search
1285,2022-07,starter,paid_search
1286,2022-07,starter,paid_search
1287,2022-07,pro,paid_search
1288,2022-07,starter,referral
1289,2022-07,pro,organic
1290,2022-07,pro,organic
1291,2022-07,enterprise,referral
1292,2022-07,starter,content
1293,2022-07,enterprise,paid_search
1294,2022-07,starter,paid_search
1295,2022-07,starter,organic
1296,2022-07,starter,paid_search
1297,2022-07,enterprise,paid_search
1298,2022-07,starter,organic
1299,2022-07,starter,organic
1300,2022-07,pro,paid_search
1301,2022-07,starter,organic
1302,2022-07,starter,organic
1303,2022-07,starter,organic
1304,2022-07,starter,organic
1305,2022-07,starter,organic
1306,2022-07,starter,content
1307,2022-07,pro,paid_search
1308,2022-07,starter,referral
1309,2022-07,starter,referral
1310,2022-07,pro,paid_search
1311,2022-08,starter,organic
1312,2022-08,starter,content
1313,2022-08,pro,organic
1314,2022-08,pro,referral
1315,2022-08,starter,organic
1316,2022-08,starter,referral
1317,2022-08,starter,referral
1318,2022-08,starter,paid_search
1319,2022-08,pro,paid_search
1320,2022-08,starter,paid_search
1321,2022-08,starter,organic
1322,2022-08,enterprise,content
1323,2022-08,pro,referral
1324,2022-08,starter,content
1325,2022-08,starter,organic
1326,2022-08,starter,referral
1327,2022-08,starter,content
1328,2022-08,starter,organic
1329,2022-08,starter,organic
1330,2022-08,starter,referral
1331,2022-08,starter,paid_search
1332,2022-08,pro,referral
1333,2022-08,starter,organic
1334,2022-08,starter,referral
1335,2022-08,starter,organic
1336,2022-08,enterprise,organic
1337,2022-08,starter,organic
1338,2022-08,starter,referral
1339,2022-08,enterprise,referral
1340,2022-08,pro,paid_search
1341,2022-08,pro,paid_search
1342,2022-08,starter,content
1343,2022-08,starter,paid_search
1344,2022-08,pro,referral
1345,2022-08,enterprise,paid_search
1346,2022-08,starter,paid_search
1347,2022-08,starter,paid_search
1348,2022-08,starter,organic
1349,2022-08,pro,referral
1350,2022-08,starter,paid_search
1351,2022-08,starter,organic
1352,2022-08,starter,content
1353,2022-08,starter,paid_search
1354,2022-08,starter,paid_search
1355,2022-08,starter,content
1356,2022-08,pro,paid_search
1357,2022-08,starter,organic
1358,2022-08,pro,content
1359,2022-08,starter,paid_search
1360,2022-08,starter,organic
1361,2022-08,starter,organic
1362,2022-08,starter,referral
1363,2022-08,starter,paid_search
1364,2022-08,starter,paid_search
1365,2022-09,pro,referral
1366,2022-09,pro,organic
1367,2022-09,starter,content
1368,2022-09,starter,content
1369,2022-09,starter,paid_search
1370,2022-09,pro,paid_search
1371,2022-09,starter,paid_search
1372,2022-09,starter,organic
1373,2022-09,pro,organic
1374,2022-09,pro,referral
1375,2022-09,starter,organic
1376,2022-09,pro,organic
1377,2022-09,starter,paid_search
1378,2022-09,pro,paid_search
1379,2022-09,starter,content
1380,2022-09,starter,organic
1381,2022-09,pro,organic
1382,2022-09,starter,referral
1383,2022-09,starter,paid_search
1384,2022-09,pro,organic
1385,2022-09,pro,paid_search
1386,2022-09,pro,organic
1387,2022-09,pro,organic
1388,2022-09,starter,paid_search
1389,2022-09,starter,paid_search
1390,2022-09,starter,content
1391,2022-09,starter,paid_search
1392,2022-09,enterprise,paid_search
1393,2022-09,pro,paid_search
1394,2022-09,starter,organic
1395,2022-09,starter,referral
1396,2022-09,enterprise,organic
1397,2022-09,starter,content
1398,2022-09,pro,organic
1399,2022-09,starter,paid_search
1400,2022-09,pro,organic
1401,2022-09,starter,content
1402,2022-09,pro,paid_search
1403,2022-09,enterprise,paid_search
1404,2022-09,starter,organic
1405,2022-09,pro,referral
1406,2022-09,enterprise,organic
1407,2022-09,pro,content
1408,2022-09,starter,organic
1409,2022-09,starter,organic
1410,2022-09,pro,organic
1411,2022-09,starter,paid_search
1412,2022-09,pro,paid_search
1413,2022-09,enterprise,organic
1414,2022-09,enterprise,referral
1415,2022-09,starter,paid_search
1416,2022-09,starter,paid_search
1417,2022-09,enterprise,paid_search
1418,2022-10,starter,paid_search
1419,2022-10,starter,organic
1420,2022-10,starter,paid_search
1421,2022-10,starter,referral
1422,2022-10,pro,referral
1423,2022-10,enterprise,organic
1424,2022-10,starter,organic
1425,2022-10,starter,organic
1426,2022-10,pro,content
1427,2022-10,starter,content
1428,2022-10,starter,paid_search
1429,2022-10,starter,paid_search
1430,2022-10,pro,referral
1431,2022-10,pro,organic
1432,2022-10,starter,content
1433,2022-10,starter,paid_search
1434,2022-10,starter,paid_search
1435,2022-10,pro,paid_search
1436,2022-10,starter,organic
1437,2022-10,starter,organic
1438,2022-10,pro,referral
1439,2022-10,starter,organic
1440,2022-10,pro,paid_search
1441,2022-10,starter,organic
1442,2022-10,starter,paid_search
1443,2022-10,starter,organic
1444,2022-10,pro,paid_search
1445,2022-10,pro,referral
1446,2022-10,pro,organic
1447,2022-10,starter,paid_search
1448,2022-10,pro,paid_search
1449,2022-10,starter,referral
1450,2022-10,starter,content
1451,2022-10,pro,referral
1452,2022-10,starter,organic
1453,2022-10,starter,organic
1454,2022-10,starter,organic
1455,2022-10,starter,paid_search
1456,2022-10,starter,organic
1457,2022-10,pro,paid_search
1458,2022-10,starter,paid_search
1459,2022-10,pro,organic
1460,2022-10,pro,referral
1461,2022-10,starter,organic
1462,2022-10,starter,organic
1463,2022-10,starter,referral
1464,2022-10,pro,paid_search
1465,2022-10,starter,referral
1466,2022-10,pro,paid_search
1467,2022-10,starter,organic
1468,2022-10,starter,referral
1469,2022-10,starter,referral
1470,2022-10,starter,referral
1471,2022-10,enterprise,organic
1472,2022-10,pro,paid_search
1473,2022-10,starter,paid_search
1474,2022-10,pro,organic
1475,2022-10,starter,content
1476,2022-10,pro,organic
1477,2022-10,pro,content
1478,2022-10,starter,paid_search
1479,2022-10,starter,organic
1480,2022-10,starter,paid_search
1481,2022-10,starter,content
1482,2022-10,pro,referral
1483,2022-10,starter,referral
1484,2022-10,starter,referral
1485,2022-10,pro,referral
1486,2022-10,enterprise,referral
1487,2022-10,starter,organic
1488,2022-10,starter,paid_search
1489,2022-10,starter,organic
1490,2022-10,starter,content
1491,2022-10,enterprise,content
1492,2022-10,starter,organic
1493,2022-11,pro,organic
1494,2022-11,enterprise,content
1495,2022-11,starter,paid_search
1496,2022-11,starter,paid_search
1497,2022-11,enterprise,paid_search
1498,2022-11,starter,organic
1499,2022-11,pro,organic
1500,2022-11,starter,organic
1501,2022-11,enterprise,organic
1502,2022-11,enterprise,referral
1503,2022-11,enterprise,paid_search
1504,2022-11,starter,organic
1505,2022-11,pro,content
1506,2022-11,pro,content
1507,2022-11,starter,content
1508,2022-11,pro,content
1509,2022-11,starter,organic
1510,2022-11,pro,paid_search
1511,2022-11,starter,referral
1512,2022-11,starter,referral
1513,2022-11,starter,organic
1514,2022-11,pro,referral
1515,2022-11,starter,organic
1516,2022-11,pro,organic
1517,2022-11,starter,paid_search
1518,2022-11,starter,paid_search
1519,2022-11,starter,paid_search
1520,2022-11,pro,organic
1521,2022-11,starter,content
1522,2022-11,pro,organic
1523,2022-11,pro,organic
1524,2022-11,pro,content
1525,2022-11,starter,content
1526,2022-11,starter,content
1527,2022-11,pro,referral
1528,2022-11,starter,referral
1529,2022-11,pro,paid_search
1530,2022-11,starter,organic
1531,2022-11,enterprise,paid_search
1532,2022-11,pro,paid_search
1533,2022-11,enterprise,organic
1534,2022-11,starter,referral
1535,2022-11,pro,paid_search
1536,2022-11,starter,organic
1537,2022-11,starter,organic
1538,2022-11,pro,referral
1539,2022-11,pro,organic
1540,2022-11,enterprise,content
1541,2022-11,pro,paid_search
1542,2022-11,starter,paid_search
1543,2022-11,starter,paid_search
1544,2022-11,pro,referral
1545,2022-11,starter,organic
1546,2022-11,starter,referral
1547,2022-11,starter,paid_search
1548,2022-11,starter,organic
1549,2022-11,starter,content
1550,2022-11,starter,referral
1551,2022-11,starter,referral
1552,2022-11,starter,content
1553,2022-11,enterprise,content
1554,2022-11,starter,referral
1555,2022-11,starter,referral
1556,2022-11,pro,referral
1557,2022-11,starter,referral
1558,2022-11,enterprise,paid_search
1559,2022-11,pro,referral
1560,2022-11,starter,organic
1561,2022-11,starter,content
1562,2022-11,pro,content
1563,2022-11,enterprise,organic
1564,2022-11,starter,referral
1565,2022-11,pro,organic
1566,2022-11,starter,organic
1567,2022-11,enterprise,referral
1568,2022-12,starter,paid_search
1569,2022-12,pro,paid_search
1570,2022-12,pro,paid_search
1571,2022-12,starter,organic
1572,2022-12,starter,content
1573,2022-12,starter,paid_search
1574,2022-12,pro,content
1575,2022-12,enterprise,organic
1576,2022-12,pro,organic
1577,2022-12,starter,organic
1578,2022-12,pro,referral
1579,2022-12,starter,paid_search
1580,2022-12,pro,content
1581,2022-12,starter,paid_search
1582,2022-12,pro,content
1583,2022-12,starter,organic
1584,2022-12,enterprise,content
1585,2022-12,starter,referral
1586,2022-12,pro,referral
1587,2022-12,enterprise,referral
1588,2022-12,starter,referral
1589,2022-12,enterprise,paid_search
1590,2022-12,pro,organic
1591,2022-12,starter,organic
1592,2022-12,starter,content
1593,2022-12,pro,paid_search
1594,2022-12,starter,referral
1595,2022-12,pro,paid_search
1596,2022-12,starter,organic
1597,2022-12,pro,organic
1598,2022-12,starter,referral
1599,2022-12,pro,paid_search
1600,2022-12,enterprise,organic
1601,2022-12,enterprise,paid_search
1602,2022-12,pro,organic
1603,2022-12,starter,paid_search
1604,2022-12,pro,organic
1605,2022-12,starter,referral
1606,2022-12,starter,organic
1607,2022-12,starter,paid_search
1608,2022-12,starter,organic
1609,2022-12,pro,organic
1610,2022-12,pro,paid_search
1611,2022-12,starter,paid_search
1612,2022-12,starter,paid_search
1613,2022-12,enterprise,organic
1614,2022-12,starter,referral
1615,2022-12,starter,content
1616,2022-12,starter,referral
1617,2022-12,pro,organic
1618,2022-12,pro,paid_search
1619,2022-12,starter,organic
1620,2022-12,starter,organic
1621,2022-12,pro,content
1622,2022-12,pro,organic
1623,2022-12,starter,paid_search
1624,2022-12,enterprise,paid_search
1625,2022-12,starter,referral
1626,2022-12,starter,paid_search
1627,2022-12,enterprise,organic
1628,2023-01,starter,organic
1629,2023-01,starter,organic
1630,2023-01,starter,paid_search
1631,2023-01,starter,content
1632,2023-01,starter,referral
1633,2023-01,starter,referral
1634,2023-01,starter,paid_search
1635,2023-01,starter,organic
1636,2023-01,starter,paid_search
1637,2023-01,pro,content
1638,2023-01,pro,organic
1639,2023-01,starter,content
1640,2023-01,starter,paid_search
1641,2023-01,starter,paid_search
1642,2023-01,pro,referral
1643,2023-01,pro,paid_search
1644,2023-01,starter,content
1645,2023-01,enterprise,content
1646,2023-01,starter,paid_search
1647,2023-01,starter,organic
1648,2023-01,pro,paid_search
1649,2023-01,pro,content
1650,2023-01,pro,organic
1651,2023-01,pro,paid_search
1652,2023-01,starter,paid_search
1653,2023-01,pro,referral
1654,2023-01,starter,organic
1655,2023-01,pro,referral
1656,2023-01,starter,content
1657,2023-01,pro,organic
1658,2023-01,starter,organic
1659,2023-01,pro,content
1660,2023-01,starter,organic
1661,2023-01,pro,content
1662,2023-01,starter,paid_search
1663,2023-01,starter,organic
1664,2023-01,starter,content
1665,2023-01,starter,paid_search
1666,2023-01,pro,paid_search
1667,2023-01,starter,paid_search
1668,2023-01,enterprise,paid_search
1669,2023-01,starter,organic
1670,2023-01,starter,paid_search
1671,2023-01,pro,content
1672,2023-01,pro,organic
1673,2023-01,starter,referral
1674,2023-01,starter,organic
1675,2023-01,pro,referral
1676,2023-01,starter,organic
1677,2023-01,enterprise,content
1678,2023-01,enterprise,paid_search
1679,2023-01,pro,organic
1680,2023-01,starter,organic
1681,2023-01,pro,organic
1682,2023-01,starter,paid_search
1683,2023-02,starter,content
1684,2023-02,pro,organic
1685,2023-02,starter,referral
1686,2023-02,starter,referral
1687,2023-02,pro,content
1688,2023-02,pro,referral
1689,2023-02,starter,paid_search
1690,2023-02,starter,paid_search
1691,2023-02,starter,content
1692,2023-02,pro,paid_search
1693,2023-02,pro,organic
1694,2023-02,starter,content
1695,2023-02,pro,referral
1696,2023-02,pro,referral
1697,2023-02,pro,organic
1698,2023-02,pro,referral
1699,2023-02,starter,paid_search
1700,2023-02,starter,referral
1701,2023-02,starter,organic
1702,2023-02,starter,referral
1703,2023-02,starter,content
1704,2023-02,enterprise,organic
1705,2023-02,starter,content
1706,2023-02,starter,paid_search
1707,2023-02,starter,content
1708,2023-02,enterprise,referral
1709,2023-02,starter,paid_search
1710,2023-02,starter,referral
1711,2023-02,starter,content
1712,2023-02,starter,paid_search
1713,2023-02,enterprise,organic
1714,2023-02,enterprise,referral
1715,2023-02,starter,referral
1716,2023-02,enterprise,referral
1717,2023-02,pro,referral
1718,2023-02,pro,paid_search
1719,2023-02,starter,referral
1720,2023-02,starter,organic
1721,2023-02,starter,paid_search
1722,2023-02,pro,organic
1723,2023-02,starter,organic
1724,2023-02,starter,paid_search
1725,2023-02,starter,paid_search
1726,2023-02,pro,referral
1727,2023-02,starter,paid_search
1728,2023-02,pro,paid_search
1729,2023-02,enterprise,organic
1730,2023-02,starter,paid_search
1731,2023-02,pro,organic
1732,2023-02,starter,organic
1733,2023-03,pro,referral
1734,2023-03,pro,content
1735,2023-03,pro,paid_search
1736,2023-03,starter,organic
1737,2023-03,starter,referral
1738,2023-03,pro,organic
1739,2023-03,starter,referral
1740,2023-03,starter,paid_search
1741,2023-03,starter,referral
1742,2023-03,starter,organic
1743,2023-03,starter,paid_search
1744,2023-03,starter,paid_search
1745,2023-03,pro,paid_search
1746,2023-03,starter,organic
1747,2023-03,pro,referral
1748,2023-03,pro,content
1749,2023-03,pro,organic
1750,2023-03,pro,organic
1751,2023-03,enterprise,organic
1752,2023-03,starter,paid_search
1753,2023-03,starter,paid_search
1754,2023-03,starter,paid_search
1755,2023-03,pro,organic
1756,2023-03,pro,paid_search
1757,2023-03,starter,paid_search
1758,2023-03,enterprise,paid_search
1759,2023-03,starter,content
1760,2023-03,enterprise,organic
1761,2023-03,starter,referral
1762,2023-03,starter,paid_search
1763,2023-03,starter,paid_search
1764,2023-03,starter,referral
1765,2023-03,starter,referral
1766,2023-03,starter,content
1767,2023-03,pro,organic
1768,2023-03,starter,organic
1769,2023-03,starter,referral
1770,2023-03,pro,paid_search
1771,2023-03,pro,organic
1772,2023-03,starter,organic
1773,2023-03,starter,organic
1774,2023-03,starter,content
1775,2023-03,starter,organic
1776,2023-03,pro,organic
1777,2023-03,starter,organic
1778,2023-03,starter,paid_search
1779,2023-03,pro,organic
1780,2023-03,starter,paid_search
1781,2023-03,starter,organic
1782,2023-03,starter,referral
1783,2023-03,enterprise,organic
1784,2023-03,starter,paid_search
1785,2023-03,pro,content
1786,2023-03,starter,referral
1787,2023-03,starter,paid_search
1788,2023-03,pro,organic
1789,2023-03,enterprise,organic
1790,2023-03,pro,referral
1791,2023-03,pro,content
1792,2023-03,pro,referral
1793,2023-03,starter,paid_search
1794,2023-03,starter,referral
1795,2023-03,pro,paid_search
1796,2023-03,starter,organic
1797,2023-04,starter,paid_search
1798,2023-04,enterprise,organic
1799,2023-04,starter,paid_search
1800,2023-04,pro,organic
1801,2023-04,starter,organic
1802,2023-04,starter,organic
1803,2023-04,starter,content
1804,2023-04,starter,paid_search
1805,2023-04,pro,content
1806,2023-04,starter,paid_search
1807,2023-04,pro,organic
1808,2023-04,pro,paid_search
1809,2023-04,enterprise,paid_search
1810,2023-04,starter,organic
1811,2023-04,starter,paid_search
1812,2023-04,starter,organic
1813,2023-04,enterprise,paid_search
1814,2023-04,enterprise,referral
1815,2023-04,starter,organic
1816,2023-04,pro,organic
1817,2023-04,starter,referral
1818,2023-04,pro,paid_search
1819,2023-04,starter,organic
1820,2023-04,pro,content
1821,2023-04,starter,organic
1822,2023-04,pro,referral
1823,2023-04,pro,content
1824,2023-04,pro,organic
1825,2023-04,starter,organic
1826,2023-04,starter,organic
1827,2023-04,starter,organic
1828,2023-04,starter,organic
1829,2023-04,starter,referral
1830,2023-04,enterprise,organic
1831,2023-04,starter,paid_search
1832,2023-04,starter,content
1833,2023-04,starter,referral
1834,2023-04,starter,paid_search
1835,2023-04,pro,organic
1836,2023-04,starter,paid_search
1837,2023-04,enterprise,paid_search
1838,2023-04,starter,paid_search
1839,2023-04,enterprise,organic
1840,2023-04,pro,content
1841,2023-04,starter,paid_search
1842,2023-04,enterprise,organic
1843,2023-04,starter,paid_search
1844,2023-04,pro,paid_search
1845,2023-04,starter,referral
1846,2023-04,pro,referral
1847,2023-04,pro,referral
1848,2023-04,pro,organic
1849,2023-04,pro,paid_search
1850,2023-04,starter,paid_search
1851,2023-04,starter,organic
1852,2023-04,starter,organic
1853,2023-04,starter,referral
1854,2023-04,pro,organic
1855,2023-04,starter,paid_search
1856,2023-04,enterprise,organic
1857,2023-04,pro,organic
1858,2023-04,pro,organic
1859,2023-04,starter,content
1860,2023-04,pro,referral
1861,2023-04,enterprise,content
1862,2023-04,starter,paid_search
1863,2023-04,pro,organic
1864,2023-04,pro,paid_search
1865,2023-04,starter,paid_search
1866,2023-04,starter,referral
1867,2023-05,starter,referral
1868,2023-05,starter,referral
1869,2023-05,starter,referral
1870,2023-05,starter,organic
1871,2023-05,pro,organic
1872,2023-05,starter,content
1873,2023-05,starter,organic
1874,2023-05,starter,paid_search
1875,2023-05,starter,paid_search
1876,2023-05,pro,paid_search
1877,2023-05,pro,paid_search
1878,2023-05,enterprise,content
1879,2023-05,pro,organic
1880,2023-05,starter,organic
1881,2023-05,pro,organic
1882,2023-05,starter,content
1883,2023-05,starter,paid_search
1884,2023-05,pro,organic
1885,2023-05,starter,referral
1886,2023-05,enterprise,content
1887,2023-05,starter,referral
1888,2023-05,pro,content
1889,2023-05,pro,organic
1890,2023-05,pro,referral
1891,2023-05,pro,paid_search
1892,2023-05,pro,referral
1893,2023-05,starter,referral
1894,2023-05,starter,referral
1895,2023-05,starter,referral
1896,2023-05,pro,organic
1897,2023-05,starter,paid_search
1898,2023-05,pro,content
1899,2023-05,starter,content
1900,2023-05,starter,organic
1901,2023-05,pro,organic
1902,2023-05,starter,organic
1903,2023-05,starter,referral
1904,2023-05,starter,referral
1905,2023-05,enterprise,organic
1906,2023-05,pro,paid_search
1907,2023-05,starter,referral
1908,2023-05,starter,referral
1909,2023-05,starter,paid_search
1910,2023-05,pro,paid_search
1911,2023-05,pro,paid_search
1912,2023-05,starter,organic
1913,2023-05,starter,paid_search
1914,2023-05,starter,referral
1915,2023-05,pro,content
1916,2023-05,pro,paid_search
1917,2023-05,starter,referral
1918,2023-05,starter,organic
1919,2023-05,starter,paid_search
1920,2023-05,enterprise,organic
1921,2023-05,starter,organic
1922,2023-05,pro,referral
1923,2023-05,pro,content
1924,2023-05,starter,organic
1925,2023-05,starter,paid_search
1926,2023-05,starter,referral
1927,2023-05,pro,organic
1928,2023-05,pro,paid_search
1929,2023-05,pro,referral
1930,2023-05,starter,paid_search
1931,2023-05,starter,organic
1932,2023-05,enterprise,paid_search
1933,2023-05,pro,referral
1934,2023-05,starter,paid_search
1935,2023-05,enterprise,organic
1936,2023-05,pro,referral
1937,2023-05,pro,organic
1938,2023-06,pro,paid_search
1939,2023-06,starter,paid_search
1940,2023-06,enterprise,organic
1941,2023-06,starter,organic
1942,2023-06,starter,referral
1943,2023-06,starter,paid_search
1944,2023-06,starter,paid_search
1945,2023-06,pro,referral
1946,2023-06,enterprise,referral
1947,2023-06,starter,organic
1948,2023-06,starter,paid_search
1949,2023-06,pro,organic
1950,2023-06,pro,referral
1951,2023-06,pro,referral
1952,2023-06,starter,content
1953,2023-06,starter,organic
1954,2023-06,pro,organic
1955,2023-06,starter,organic
1956,2023-06,pro,organic
1957,2023-06,starter,organic
1958,2023-06,pro,content
1959,2023-06,starter,organic
1960,2023-06,pro,organic
1961,2023-06,starter,referral
1962,2023-06,pro,paid_search
1963,2023-06,starter,referral
1964,2023-06,starter,organic
1965,2023-06,starter,paid_search
1966,2023-06,starter,organic
1967,2023-06,pro,organic
1968,2023-06,pro,content
1969,2023-06,pro,organic
1970,2023-06,starter,paid_search
1971,2023-06,pro,paid_search
1972,2023-06,starter,organic
1973,2023-06,starter,content
1974,2023-06,starter,organic
1975,2023-06,starter,referral
1976,2023-06,pro,content
1977,2023-06,pro,paid_search
1978,2023-06,pro,content
1979,2023-06,starter,organic
1980,2023-06,starter,paid_search
1981,2023-06,starter,organic
1982,2023-06,starter,referral
1983,2023-06,starter,content
1984,2023-06,starter,organic
1985,2023-06,starter,referral
1986,2023-06,pro,organic
1987,2023-06,pro,paid_search
1988,2023-06,enterprise,paid_search
1989,2023-06,enterprise,content
1990,2023-06,pro,paid_search
1991,2023-06,starter,organic
1992,2023-06,pro,organic
1993,2023-06,pro,organic
1994,2023-06,starter,organic
1995,2023-06,starter,organic
1996,2023-06,pro,content
1997,2023-06,starter,paid_search
1998,2023-06,starter,paid_search
1999,2023-06,pro,organic
2000,2023-06,starter,content
2001,2023-06,starter,referral
2002,2023-06,starter,organic
2003,2023-06,starter,referral
2004,2023-06,starter,paid_search
2005,2023-06,pro,organic
2006,2023-06,starter,paid_search
2007,2023-06,starter,paid_search
2008,2023-06,starter,organic
2009,2023-06,enterprise,content
2010,2023-06,starter,referral
2011,2023-06,starter,referral
2012,2023-06,pro,paid_search
2013,2023-06,pro,paid_search
2014,2023-06,starter,referral
2015,2023-06,pro,paid_search
2016,2023-07,starter,organic
2017,2023-07,starter,content
2018,2023-07,pro,referral
2019,2023-07,starter,paid_search
2020,2023-07,starter,referral
2021,2023-07,pro,organic
2022,2023-07,starter,paid_search
2023,2023-07,starter,referral
2024,2023-07,starter,paid_search
2025,2023-07,starter,paid_search
2026,2023-07,pro,paid_search
2027,2023-07,starter,referral
2028,2023-07,starter,organic
2029,2023-07,pro,organic
2030,2023-07,pro,referral
2031,2023-07,pro,referral
2032,2023-07,starter,organic
2033,2023-07,starter,organic
2034,2023-07,enterprise,organic
2035,2023-07,pro,organic
2036,2023-07,starter,paid_search
2037,2023-07,starter,referral
2038,2023-07,starter,referral
2039,2023-07,enterprise,paid_search
2040,2023-07,starter,paid_search
2041,2023-07,starter,referral
2042,2023-07,starter,paid_search
2043,2023-07,pro,content
2044,2023-07,pro,paid_search
2045,2023-07,starter,organic
2046,2023-07,pro,referral
2047,2023-07,enterprise,organic
2048,2023-07,starter,referral
2049,2023-07,starter,organic
2050,2023-07,starter,organic
2051,2023-07,pro,content
2052,2023-07,starter,organic
2053,2023-07,pro,referral
2054,2023-07,pro,organic
2055,2023-07,starter,paid_search
2056,2023-07,enterprise,referral
2057,2023-07,starter,paid_search
2058,2023-07,starter,organic
2059,2023-07,pro,organic
2060,2023-07,pro,organic
2061,2023-07,starter,organic
2062,2023-07,pro,referral
2063,2023-07,enterprise,content
2064,2023-07,starter,content
2065,2023-07,enterprise,referral
2066,2023-07,starter,referral
2067,2023-07,starter,referral
2068,2023-07,starter,organic
2069,2023-07,pro,content
2070,2023-07,pro,referral
2071,2023-07,starter,paid_search
2072,2023-07,starter,organic
2073,2023-07,pro,paid_search
2074,2023-07,starter,paid_search
2075,2023-07,pro,content
2076,2023-07,pro,paid_search
2077,2023-07,starter,paid_search
2078,2023-07,enterprise,content
2079,2023-07,starter,organic
2080,2023-07,enterprise,paid_search
2081,2023-07,pro,organic
2082,2023-07,pro,referral
2083,2023-07,starter,content
2084,2023-07,pro,organic
2085,2023-07,starter,content
2086,2023-07,starter,organic
2087,2023-07,starter,content
2088,2023-07,starter,referral
2089,2023-07,starter,referral
2090,2023-07,pro,organic
2091,2023-07,pro,content
2092,2023-07,starter,referral
2093,2023-07,pro,organic
2094,2023-08,pro,organic
2095,2023-08,starter,organic
2096,2023-08,pro,organic
2097,2023-08,starter,organic
2098,2023-08,pro,referral
2099,2023-08,starter,paid_search
2100,2023-08,starter,paid_search
2101,2023-08,starter,organic
2102,2023-08,starter,content
2103,2023-08,starter,paid_search
2104,2023-08,starter,organic
2105,2023-08,pro,paid_search
2106,2023-08,starter,organic
2107,2023-08,starter,organic
2108,2023-08,pro,paid_search
2109,2023-08,starter,content
2110,2023-08,enterprise,paid_search
2111,2023-08,pro,referral
2112,2023-08,pro,content
2113,2023-08,pro,organic
2114,2023-08,pro,organic
2115,2023-08,starter,paid_search
2116,2023-08,starter,paid_search
2117,2023-08,starter,paid_search
2118,2023-08,pro,content
2119,2023-08,starter,referral
2120,2023-08,pro,paid_search
2121,2023-08,enterprise,organic
2122,2023-08,pro,referral
2123,2023-08,starter,content
2124,2023-08,starter,referral
2125,2023-08,pro,organic
2126,2023-08,pro,paid_search
2127,2023-08,starter,organic
2128,2023-08,starter,organic
2129,2023-08,enterprise,organic
2130,2023-08,pro,paid_search
2131,2023-08,pro,referral
2132,2023-08,pro,organic
2133,2023-08,starter,paid_search
2134,2023-08,starter,paid_search
2135,2023-08,starter,paid_search
2136,2023-08,starter,organic
2137,2023-08,starter,paid_search
2138,2023-08,pro,referral
2139,2023-08,pro,organic
2140,2023-08,pro,organic
2141,2023-08,starter,paid_search
2142,2023-08,pro,content
2143,2023-08,pro,referral
2144,2023-08,pro,referral
2145,2023-08,pro,paid_search
2146,2023-08,starter,paid_search
2147,2023-08,starter,organic
2148,2023-08,starter,paid_search
2149,2023-08,starter,content
2150,2023-08,starter,paid_search
2151,2023-08,pro,content
2152,2023-08,enterprise,referral
2153,2023-08,pro,organic
2154,2023-08,pro,content
2155,2023-08,starter,organic
2156,2023-08,pro,paid_search
2157,2023-08,starter,organic
2158,2023-08,starter,organic
2159,2023-08,starter,paid_search
2160,2023-08,starter,organic
2161,2023-08,starter,paid_search
2162,2023-08,starter,paid_search
2163,2023-08,starter,organic
2164,2023-08,enterprise,organic
2165,2023-08,starter,paid_search
2166,2023-08,starter,organic
2167,2023-08,starter,referral
2168,2023-08,pro,referral
2169,2023-08,starter,referral
2170,2023-08,starter,referral
2171,2023-08,starter,paid_search
2172,2023-08,starter,referral
2173,2023-08,starter,organic
2174,2023-09,starter,paid_search
2175,2023-09,pro,paid_search
2176,2023-09,starter,organic
2177,2023-09,pro,content
2178,2023-09,pro,content
2179,2023-09,pro,referral
2180,2023-09,enterprise,paid_search
2181,2023-09,starter,content
2182,2023-09,starter,organic
2183,2023-09,pro,referral
2184,2023-09,starter,organic
2185,2023-09,pro,referral
2186,2023-09,pro,organic
2187,2023-09,pro,content
2188,2023-09,starter,content
2189,2023-09,starter,organic
2190,2023-09,starter,paid_search
2191,2023-09,starter,content
2192,2023-09,pro,paid_search
2193,2023-09,starter,content
2194,2023-09,starter,paid_search
2195,2023-09,starter,paid_search
2196,2023-09,pro,organic
2197,2023-09,pro,organic
2198,2023-09,starter,referral
2199,2023-09,starter,paid_search
2200,2023-09,starter,paid_search
2201,2023-09,starter,paid_search
2202,2023-09,pro,paid_search
2203,2023-09,pro,content
2204,2023-09,starter,content
2205,2023-09,starter,paid_search
2206,2023-09,enterprise,referral
2207,2023-09,starter,referral
2208,2023-09,pro,paid_search
2209,2023-09,starter,content
2210,2023-09,starter,organic
2211,2023-09,starter,organic
2212,2023-09,starter,content
2213,2023-09,enterprise,paid_search
2214,2023-09,starter,referral
2215,2023-09,starter,content
2216,2023-09,starter,organic
2217,2023-09,starter,content
2218,2023-09,starter,paid_search
2219,2023-09,starter,paid_search
2220,2023-09,pro,paid_search
2221,2023-09,starter,content
2222,2023-09,starter,organic
2223,2023-09,enterprise,paid_search
2224,2023-09,starter,referral
2225,2023-09,enterprise,referral
2226,2023-09,starter,referral
2227,2023-09,pro,organic
2228,2023-09,pro,organic
2229,2023-09,pro,paid_search
2230,2023-09,enterprise,referral
2231,2023-09,starter,organic
2232,2023-09,enterprise,organic
2233,2023-09,starter,content
2234,2023-09,starter,organic
2235,2023-09,starter,content
2236,2023-09,starter,referral
2237,2023-09,starter,referral
2238,2023-09,starter,organic
2239,2023-09,starter,organic
2240,2023-09,pro,referral
2241,2023-09,pro,referral
2242,2023-09,starter,referral
2243,2023-09,starter,organic
2244,2023-09,starter,referral
2245,2023-09,starter,referral
2246,2023-09,starter,referral
2247,2023-09,starter,referral
2248,2023-09,starter,referral
2249,2023-09,enterprise,paid_search
2250,2023-09,starter,organic
2251,2023-09,starter,paid_search
2252,2023-09,pro,organic
2253,2023-09,starter,paid_search
2254,2023-09,starter,paid_search
2255,2023-09,pro,organic
2256,2023-09,starter,organic
2257,2023-09,starter,organic
2258,2023-09,enterprise,referral
2259,2023-09,pro,content
2260,2023-09,pro,organic
2261,2023-09,starter,content
2262,2023-09,pro,paid_search
2263,2023-09,starter,organic
2264,2023-09,starter,organic
2265,2023-09,starter,paid_search
2266,2023-10,pro,organic
2267,2023-10,pro,organic
2268,2023-10,starter,paid_search
2269,2023-10,starter,organic
2270,2023-10,starter,referral
2271,2023-10,starter,organic
2272,2023-10,starter,paid_search
2273,2023-10,starter,organic
2274,2023-10,pro,organic
2275,2023-10,enterprise,organic
2276,2023-10,starter,paid_search
2277,2023-10,enterprise,paid_search
2278,2023-10,starter,paid_search
2279,2023-10,starter,paid_search
2280,2023-10,starter,paid_search
2281,2023-10,pro,organic
2282,2023-10,enterprise,paid_search
2283,2023-10,pro,content
2284,2023-10,starter,paid_search
2285,2023-10,pro,referral
2286,2023-10,starter,organic
2287,2023-10,pro,referral
2288,2023-10,starter,referral
2289,2023-10,starter,paid_search
2290,2023-10,pro,content
2291,2023-10,pro,organic
2292,2023-10,starter,organic
2293,2023-10,pro,referral
2294,2023-10,starter,referral
2295,2023-10,pro,organic
2296,2023-10,pro,organic
2297,2023-10,pro,organic
2298,2023-10,starter,organic
2299,2023-10,starter,referral
2300,2023-10,starter,paid_search
2301,2023-10,pro,organic
2302,2023-10,starter,paid_search
2303,2023-10,starter,organic
2304,2023-10,starter,organic
2305,2023-10,starter,paid_search
2306,2023-10,pro,content
2307,2023-10,starter,referral
2308,2023-10,pro,organic
2309,2023-10,starter,content
2310,2023-10,starter,referral
2311,2023-10,starter,referral
2312,2023-10,starter,paid_search
2313,2023-10,starter,paid_search
2314,2023-10,pro,organic
2315,2023-10,starter,organic
2316,2023-10,pro,organic
2317,2023-10,starter,organic
2318,2023-10,starter,paid_search
2319,2023-10,pro,referral
2320,2023-10,starter,paid_search
2321,2023-10,starter,organic
2322,2023-10,starter,content
2323,2023-10,starter,content
2324,2023-10,pro,referral
2325,2023-10,starter,content
2326,2023-10,pro,paid_search
2327,2023-10,pro,content
2328,2023-10,starter,organic
2329,2023-10,enterprise,paid_search
2330,2023-10,starter,organic
2331,2023-10,enterprise,organic
2332,2023-10,starter,organic
2333,2023-10,pro,paid_search
2334,2023-10,starter,referral
2335,2023-10,starter,paid_search
2336,2023-10,pro,organic
2337,2023-10,pro,referral
2338,2023-10,starter,paid_search
2339,2023-10,starter,paid_search
2340,2023-10,pro,referral
2341,2023-10,pro,organic
2342,2023-10,enterprise,organic
2343,2023-10,pro,content
2344,2023-10,enterprise,organic
2345,2023-10,pro,paid_search
2346,2023-10,starter,content
2347,2023-10,starter,referral
2348,2023-10,pro,organic
2349,2023-10,pro,organic
2350,2023-10,starter,organic
2351,2023-10,starter,paid_search
2352,2023-10,enterprise,paid_search
2353,2023-10,starter,organic
2354,2023-10,starter,content
2355,2023-10,starter,paid_search
2356,2023-10,starter,organic
2357,2023-10,starter,paid_search
2358,2023-10,starter,referral
2359,2023-10,starter,organic
2360,2023-10,pro,organic
2361,2023-10,starter,referral
2362,2023-10,pro,paid_search
2363,2023-10,pro,paid_search
2364,2023-10,starter,paid_search
2365,2023-10,pro,organic
2366,2023-10,starter,organic
2367,2023-10,pro,paid_search
2368,2023-10,starter,organic
2369,2023-10,pro,organic
2370,2023-10,pro,referral
2371,2023-10,starter,content
2372,2023-10,starter,referral
2373,2023-10,pro,content
2374,2023-10,pro,organic
2375,2023-10,starter,content
2376,2023-10,pro,organic
2377,2023-10,starter,content
2378,2023-10,pro,content
2379,2023-10,starter,referral
2380,2023-10,pro,content
2381,2023-10,starter,paid_search
2382,2023-10,starter,organic
2383,2023-11,starter,referral
2384,2023-11,pro,paid_search
2385,2023-11,starter,organic
2386,2023-11,pro,organic
2387,2023-11,enterprise,referral
2388,2023-11,starter,referral
2389,2023-11,pro,organic
2390,2023-11,enterprise,paid_search
2391,2023-11,enterprise,content
2392,2023-11,enterprise,referral
2393,2023-11,starter,content
2394,2023-11,enterprise,referral
2395,2023-11,pro,paid_search
2396,2023-11,starter,paid_search
2397,2023-11,starter,referral
2398,2023-11,pro,organic
2399,2023-11,starter,paid_search
2400,2023-11,pro,referral
2401,2023-11,pro,organic
2402,2023-11,starter,referral
2403,2023-11,starter,paid_search
2404,2023-11,pro,content
2405,2023-11,starter,organic
2406,2023-11,starter,organic
2407,2023-11,starter,paid_search
2408,2023-11,starter,organic
2409,2023-11,enterprise,referral
2410,2023-11,starter,referral
2411,2023-11,pro,organic
2412,2023-11,starter,paid_search
2413,2023-11,starter,paid_search
2414,2023-11,pro,paid_search
2415,2023-11,pro,content
2416,2023-11,starter,referral
2417,2023-11,starter,referral
2418,2023-11,starter,referral
2419,2023-11,starter,paid_search
2420,2023-11,pro,content
2421,2023-11,starter,referral
2422,2023-11,starter,referral
2423,2023-11,starter,content
2424,2023-11,enterprise,organic
2425,2023-11,enterprise,referral
2426,2023-11,starter,organic
2427,2023-11,pro,organic
2428,2023-11,starter,organic
2429,2023-11,starter,content
2430,2023-11,pro,content
2431,2023-11,enterprise,referral
2432,2023-11,enterprise,referral
2433,2023-11,starter,paid_search
2434,2023-11,starter,content
2435,2023-11,pro,paid_search
2436,2023-11,starter,paid_search
2437,2023-11,starter,organic
2438,2023-11,starter,referral
2439,2023-11,pro,referral
2440,2023-11,starter,paid_search
2441,2023-11,starter,organic
2442,2023-11,enterprise,referral
2443,2023-11,starter,organic
2444,2023-11,starter,referral
2445,2023-11,starter,content
2446,2023-11,starter,paid_search
2447,2023-11,starter,organic
2448,2023-11,starter,referral
2449,2023-11,pro,referral
2450,2023-11,starter,paid_search
2451,2023-11,enterprise,content
2452,2023-11,pro,organic
2453,2023-11,starter,paid_search
2454,2023-11,pro,referral
2455,2023-11,starter,content
2456,2023-11,pro,organic
2457,2023-11,starter,referral
2458,2023-11,starter,paid_search
2459,2023-11,pro,paid_search
2460,2023-11,enterprise,organic
2461,2023-11,pro,content
2462,2023-11,starter,organic
2463,2023-11,pro,organic
2464,2023-11,starter,organic
2465,2023-11,starter,content
2466,2023-11,starter,referral
2467,2023-11,pro,referral
2468,2023-11,starter,organic
2469,2023-11,starter,paid_search
2470,2023-11,pro,paid_search
2471,2023-11,starter,referral
2472,2023-11,starter,content
2473,2023-11,starter,organic
2474,2023-11,enterprise,referral
2475,2023-11,starter,organic
2476,2023-11,starter,paid_search
2477,2023-11,pro,organic
2478,2023-11,pro,organic
2479,2023-11,starter,paid_search
2480,2023-11,pro,paid_search
2481,2023-11,pro,organic
2482,2023-11,pro,referral
2483,2023-11,starter,paid_search
2484,2023-11,pro,organic
2485,2023-11,starter,referral
2486,2023-11,starter,organic
2487,2023-11,starter,paid_search
2488,2023-11,starter,referral
2489,2023-11,starter,organic
2490,2023-11,pro,organic
2491,2023-11,starter,paid_search
2492,2023-11,starter,content
2493,2023-11,starter,paid_search
2494,2023-11,starter,referral
2495,2023-11,enterprise,paid_search
2496,2023-11,starter,organic
2497,2023-11,starter,paid_search
2498,2023-11,starter,referral
2499,2023-11,starter,organic
2500,2023-11,starter,organic
2501,2023-11,pro,organic
2502,2023-11,enterprise,paid_search
2503,2023-11,starter,content
2504,2023-11,pro,organic
2505,2023-11,pro,paid_search
2506,2023-12,starter,organic
2507,2023-12,enterprise,paid_search
2508,2023-12,starter,referral
2509,2023-12,starter,referral
2510,2023-12,pro,paid_search
2511,2023-12,pro,organic
2512,2023-12,starter,paid_search
2513,2023-12,starter,content
2514,2023-12,starter,paid_search
2515,2023-12,starter,paid_search
2516,2023-12,starter,organic
2517,2023-12,starter,paid_search
2518,2023-12,starter,content
2519,2023-12,starter,referral
2520,2023-12,pro,referral
2521,2023-12,enterprise,paid_search
2522,2023-12,pro,paid_search
2523,2023-12,starter,organic
2524,2023-12,starter,referral
2525,2023-12,enterprise,paid_search
2526,2023-12,starter,paid_search
2527,2023-12,starter,paid_search
2528,2023-12,pro,content
2529,2023-12,pro,organic
2530,2023-12,pro,referral
2531,2023-12,starter,organic
2532,2023-12,starter,paid_search
2533,2023-12,enterprise,organic
2534,2023-12,starter,organic
2535,2023-12,pro,paid_search
2536,2023-12,pro,organic
2537,2023-12,pro,paid_search
2538,2023-12,starter,content
2539,2023-12,starter,organic
2540,2023-12,pro,referral
2541,2023-12,pro,paid_search
2542,2023-12,enterprise,referral
2543,2023-12,starter,organic
2544,2023-12,starter,organic
2545,2023-12,enterprise,organic
2546,2023-12,pro,organic
2547,2023-12,pro,organic
2548,2023-12,starter,referral
2549,2023-12,pro,content
2550,2023-12,pro,referral
2551,2023-12,pro,referral
2552,2023-12,starter,organic
2553,2023-12,starter,organic
2554,2023-12,pro,organic
2555,2023-12,starter,organic
2556,2023-12,starter,paid_search
2557,2023-12,enterprise,paid_search
2558,2023-12,starter,paid_search
2559,2023-12,pro,paid_search
2560,2023-12,starter,referral
2561,2023-12,pro,referral
2562,2023-12,enterprise,organic
2563,2023-12,starter,content
2564,2023-12,starter,content
2565,2023-12,starter,organic
2566,2023-12,starter,paid_search
2567,2023-12,pro,paid_search
2568,2023-12,enterprise,content
2569,2023-12,starter,content
2570,2023-12,starter,organic
2571,2023-12,starter,paid_search
2572,2023-12,pro,paid_search
2573,2023-12,starter,paid_search
2574,2023-12,pro,organic
2575,2023-12,pro,content
2576,2023-12,pro,referral
2577,2023-12,starter,referral
2578,2023-12,pro,content
2579,2023-12,starter,referral
2580,2023-12,starter,paid_search
2581,2023-12,pro,paid_search
2582,2023-12,pro,organic
2583,2023-12,starter,referral
2584,2023-12,starter,organic
2585,2023-12,starter,referral
2586,2023-12,starter,organic
2587,2023-12,starter,organic
2588,2023-12,starter,organic
2589,2023-12,starter,organic
2590,2023-12,pro,referral
2591,2023-12,pro,referral
2592,2023-12,pro,paid_search
2593,2023-12,starter,organic
2594,2023-12,enterprise,organic
2595,2023-12,pro,organic
2596,2023-12,pro,organic
2597,2023-12,pro,content
2598,2023-12,enterprise,organic
2599,2023-12,starter,paid_search
